title,link,summary,published
"Disparu dans une crevasse, les restes d’un randonneur identifiés 60 ans après",https://vsd.fr/74656-disparu-dans-une-crevasse-les-restes-dun-randonneur-identifies-60-ans-apres/,Un bergère a un aperçu des osements – une jambe et un pied –  à 2 459 mètres d'altitude. L'homme avait disparu en 1967.,"Fri, 10 Jan 2025 13:39:00 +0000"
La sortie d'«Assassin’s Creed Shadows» reportée au 20 mars,https://vsd.fr/74650-la-sortie-dassassins-creed-shadows-reportee-au-20-mars/,L'éditeur français a décidé d'accorder un mois supplémentaire au développement de son jeu vidéo. Il était attendu le 12 novembre puis repoussé au 14 février.,"Fri, 10 Jan 2025 11:15:00 +0000"
"L’influenceur Doualemn expulsé vers l’Algérie, renvoyé immédiatement en France",https://vsd.fr/74644-linfluenceur-doualemn-expulse-vers-lalgerie-renvoye-immediatement-en-france/,L’homme de 59 ans était de retour dans la soirée à Roissy ; il a été placé dans le centre de rétention administrative (CRA) du Mesnil-Amelot (Seine-et-Marne).,"Fri, 10 Jan 2025 08:51:00 +0000"
Violences conjugales: 18 mois de prison avec sursis requis contre Stéphane Plaza,https://vsd.fr/74660-violences-conjugales-18-mois-de-prison-avec-sursis-requis-contre-stephane-plaza/,"18 mois d'emprisonnement avec sursis et 10 000 euros d'amende requis contre l'animateur de 54 ans, accusé de violences sur deux anciennes compagnes.","Fri, 10 Jan 2025 06:27:00 +0000"
Los Angeles : Elon Musk partage la vidéo des incendies,https://vsd.fr/74627-los-angeles-elon-musk-partage-la-video-des-incendies/,"Le milliardaire américain a partagé une séquence qui témoigne des ravages des flammes. Actuellement, 5 personnes décédées sont à déplorer.","Thu, 09 Jan 2025 18:20:23 +0000"
"« J’ai le cœur brisé », Paris Hilton confrontée au pire, en direct à la télévision",https://vsd.fr/74618-jai-le-coeur-brise-paris-hilton-confrontee-au-pire-en-direct-a-la-television/,"Alors que des incendies ravagent actuellement la Californie, Paris Hilton s’est emparée de son compte Instagram, ce mercredi 8 janvier 2025, pour raconter la terrible épreuve qu’elle avait traversée.","Thu, 09 Jan 2025 17:26:00 +0000"
Les Enfoirés 2025 : qui sont les six nouvelles recrues ?,https://vsd.fr/74615-les-enfoires-2025-qui-sont-les-six-nouvelles-recrues/,"D’après les informations de nos confrères du « Parisien », six artistes rejoignent la troupe des Enfoirés, dont les concerts se tiendront à Montpellier, du 14 au 20 janvier 2025.","Thu, 09 Jan 2025 16:16:00 +0000"
Stéphane Plaza jugé pour des violences régulières sur deux anciennes compagnes,https://vsd.fr/74601-stephane-plaza-juge-pour-des-violences-regulieres-sur-deux-anciennes-compagnes/,L'animateur vedette de la chaîne M6 risque jusqu’à dix ans de prison et 150 000 euros d’amende pour les faits qui lui sont reprochés.,"Thu, 09 Jan 2025 16:03:00 +0000"
"« Juste pour vous rassurer… », Patrick Bruel donne des nouvelles de ses enfants, actuellement à Los Angeles",https://vsd.fr/74612-juste-pour-vous-rassurer-patrick-bruel-donne-des-nouvelles-de-ses-enfants-actuellement-a-los-angeles/,"Face aux incendies qui secouent actuellement la Californie, Patrick Bruel a donné des nouvelles de ses enfants qui vivent à Los Angeles. Sur Instagram, ce mercredi 8 janvier, il s’est montré rassurant à ce sujet.","Thu, 09 Jan 2025 15:16:36 +0000"
Un bijou caché dans le sud de la France : L'hôtel Le Clair de la Plume à Grignan,https://vsd.fr/74596-un-bijou-cache-dans-le-sud-de-la-france-lhotel-le-clair-de-la-plume-a-grignan/,"Envie de déconnexion et de moments inoubliables ? Direction le charmant village de Grignan, un lieu où histoire et art de vivre s'entrelacent.","Thu, 09 Jan 2025 13:39:00 +0000"
« Profite ! » Une pièce qui invite à savourer la vie,https://vsd.fr/74590-profite-une-piece-qui-invite-a-savourer-la-vie/,"Dépêchez vous : il ne reste que quelques jours pour découvrir « Profite ! » à la Manufacture des Abbesses, une pièce qui réussit le pari de combiner humour, émotion et réflexion profonde.","Thu, 09 Jan 2025 11:15:00 +0000"
"Agressions sexuelles... Elle accuse son frère, le créateur de chatGPT, de l'avoir violée dans son enfance",https://vsd.fr/74569-agressions-sexuelles-elle-accuse-son-frere-le-createur-de-chatgpt-de-lavoir-violee-dans-son-enfance/,"La plainte, déposée devant un tribunal de district américain allègue que les abus ont commencé quand elle avait 3 ans et son frère, Sam Altam, 12.","Thu, 09 Jan 2025 08:51:00 +0000"
Poignardé à 14 ans… sa mère effondrée mais « pas surprise »,https://vsd.fr/74564-poignarde-a-14-ans-sa-mere-est-triste-mais-pas-surprise/,Le jeune Kelyan « avait été attiré par les gangs dès l'âge de six ans » confie sa mère après le décès de son garçon.,"Thu, 09 Jan 2025 06:27:00 +0000"
"« J’ai pleuré beaucoup trop de larmes », Meghan Markle annonce une terrible nouvelle",https://vsd.fr/74547-jai-pleure-beaucoup-trop-de-larmes-meghan-markle-annonce-une-terrible-nouvelle/,"Ce mardi 7 janvier 2025, Meghan Markle a partagé une bien triste nouvelle sur son compte Instagram en annonçant la perte d’un être cher.","Wed, 08 Jan 2025 19:29:00 +0000"
Didier Deschamps quitte l’équipe de France de football,https://vsd.fr/74518-didier-deschamps-quitte-lequipe-de-france-de-football/,"Sa décision est prise. À 56 ans, le sélectionneur des Bleus ne briguera pas un nouveau mandat au terme de son contrat qui arrive à échéance en 2026.","Wed, 08 Jan 2025 19:00:00 +0000"
Enfer à Los Angeles : le bilan des incendies s'alourdit à 5 morts,https://vsd.fr/74554-los-angeles-deux-personnes-sont-mortes-dans-lenfer-des-flammes/,"Des vents extrêmes attisent des incendies gigantesques sur les hauteurs de Los Angeles, forçant des milliers d'habitants à fuir. Hollywood vient d'être évacué ce jeudi.","Wed, 08 Jan 2025 18:27:00 +0000"
"« Je remercie mes anges gardiens », Jeanne Mas, miraculée après un terrible accident",https://vsd.fr/74544-je-remercie-mes-anges-gardiens-jeanne-mas-miraculee-apres-un-terrible-accident/,"Ce mardi 7 janvier 2025, Jeanne Mas a publié un message sur son compte X dans lequel elle revenait sur l’accident de voiture dont elle avait été victime et qui aurait pu lui être fatale.","Wed, 08 Jan 2025 17:21:00 +0000"
"Le crâne « explosé », un cadavre enroulé dans une couverture ensanglantée… découvert dans le jardin",https://vsd.fr/74551-le-crane-explose-un-cadavre-enroule-dans-une-couverture-ensanglantee-decouvert-dans-le-jardin/,"La victime est un homme âgé de 47 ans, qui n’avait plus donné signe de vie depuis plusieurs jours. Son fils est activement recherché.","Wed, 08 Jan 2025 16:27:00 +0000"
Slimane éjecté des Enfoirés et toujours silencieux ?,https://vsd.fr/74541-slimane-ejecte-des-enfoires-et-toujours-silencieux/,"D’après nos confrères du « Parisien », Slimane ne sera pas présent lors du traditionnel concert des Enfoirés, qui sera enregistré cette année à Montpellier.","Wed, 08 Jan 2025 15:20:47 +0000"
Vianney hospitalisé d’urgence après un accident,https://vsd.fr/74538-vianney-hospitalise-durgence-apres-un-accident/,"Ce mercredi 8 janvier 2025, Vianney s’est emparé de son compte Instagram pour faire part d’une terrible mésaventure à ses abonnées, qui aurait pu être très grave.","Wed, 08 Jan 2025 13:52:22 +0000"
Etes-vous dans le Top 3 des bonnes résolutions préférées des Français ?,https://vsd.fr/74514-le-top-3-des-bonnes-resolutions-preferees-des-francais/,"Ah, le mois de janvier ! Ce moment magique où les Français, armés de bonnes intentions et de promesses à eux-mêmes, décident de changer leur vie pour le meilleur. Mais que disent les statistiques sur ces fameuses résolutions qui illuminent notre esprit à chaque début d’année ?","Wed, 08 Jan 2025 13:44:00 +0000"
Michel Legrand : portrait d'un génie tourmenté,https://vsd.fr/74523-michel-legrand-portrait-dun-genie-tourmente/,« Il était une fois Michel Legrand » rassemble archives précieuses et témoignages émouvants. Le film révèle avec une sensibilité rare les multiples facettes de ce génie de la musique de film.,"Wed, 08 Jan 2025 11:20:00 +0000"
Le corps d’un homme retrouvé dans une fosse septique sous une dalle de béton,https://vsd.fr/74435-le-corps-dun-homme-retrouve-dans-une-fosse-septique-sous-une-dalle-de-beton/,"En Inde, Mukesh Chandrakar, 32 ans, dénonçait la corruption et l’insurrection maoïste au Chhattisgarh. Il dirigeait également la chaîne YouTube Bastar Junction.","Wed, 08 Jan 2025 06:27:00 +0000"
Galettes des Rois : nos 3 incontournables !,https://vsd.fr/74418-galettes-des-rois-nos-3-incontournables/,"De la tradition, de la gourmandise et du fruit ! Voilà les trois piliers de notre sélection très subjective et ultra gourmande des galettes des Rois 2025.","Tue, 07 Jan 2025 18:31:00 +0000"
"« Mon mari serait fier de moi », Nathalie Marquay révèle les raisons pour lesquelles elle a accepté de participer à « The Island »",https://vsd.fr/74443-mon-mari-serait-fier-de-moi-nathalie-marquay-revele-les-raisons-pour-lesquelles-elle-a-accepte-de-participer-a-the-island/,"À partir de ce mardi 7 janvier 2025, l’émission « The Island, l’île du bagne » est diffusée sur M6. Au casting, on retrouve notamment Nathalie Marquay, qui a vécu sa participation comme un véritable challenge.","Tue, 07 Jan 2025 17:34:00 +0000"
"« Je suis ce qu’on appelle poliment un accident », Marion Maréchal fait de rares confidences au sujet de sa naissance",https://vsd.fr/74438-je-suis-ce-quon-appelle-poliment-un-accident-marion-marechal-fait-de-rares-confidences-au-sujet-de-sa-naissance/,"Invitée du podcast « Contact » avec Stéphan Bureau, Marion Maréchal a fait de surprenantes révélations concernant les circonstances de sa naissance.","Tue, 07 Jan 2025 15:24:00 +0000"
Le jour où... la femme de Jean-Marie Le Pen a posé nue dans Playboy,https://vsd.fr/74454-le-jour-ou-la-femme-de-jean-marie-le-pen-a-pose-nue-dans-playboy/,"En juin 1987, Pierrette Le Pen, née Lalanne, divorce de Jean-Marie Le Pen, alors président du Front national.","Tue, 07 Jan 2025 14:47:57 +0000"
Jean-Marie Le Pen est mort à 96 ans,https://vsd.fr/74447-jean-marie-le-pen-est-mort-a-96-ans/,"Le plus emblématique de ses succès restera inachevé. Le 21 avril 2002, à 73 ans et pour sa quatrième candidature à l'Élysée, il crée la surprise en se qualifiant pour le second tour de l'élection.","Tue, 07 Jan 2025 13:36:53 +0000"
"« Une chanson magnifique », David Hallyday avoue sa préférence pour l’un des tubes mythiques de son père",https://vsd.fr/74432-une-chanson-magnifique-david-hallyday-avoue-sa-preference-pour-lun-des-tubes-mythiques-de-son-pere/,David Hallyday est actuellement sur les routes avec sa tournée « Requiem » où revisite ses plus grandes chansons mais aussi certaines de son père. Quelques tubes de ce dernier ont d’ailleurs une place particulière dans son cœur…,"Tue, 07 Jan 2025 13:14:00 +0000"
"1,5 million d’euros contre relations sexuelles",https://vsd.fr/74390-15-million-deuros-contre-relations-sexuelles/,Le présentateur vedette de Fox news est poursuivi pour harcèlement par une ex-coiffeuse de la chaîne.,"Tue, 07 Jan 2025 11:15:00 +0000"
"« Il y a un trou de 300 000 euros », Guillaume Genton fait de terribles révélations sur l’escroquerie dont il est victime",https://vsd.fr/74422-il-y-a-un-trou-de-300-000-euros-guillaume-genton-fait-de-terribles-revelations-sur-lescroquerie-dont-il-est-victime/,"Ce lundi 6 janvier 2025, Guillaume Genton a fait de lourdes révélations sur le plateau de « Touche pas à mon poste » au sujet de l’affaire judiciaire qui l’oppose à un ancien chroniqueur de l’émission, Nicolas Pernikoff.","Tue, 07 Jan 2025 11:13:47 +0000"
Une touriste espagnole tuée par un éléphant,https://vsd.fr/74402-une-touriste-espagnole-tuee-par-un-elephant/,"La Thaïlande, destination prisée pour ses sanctuaires d'éléphants, est une fois de plus confrontée à une question urgente : comment concilier l'économie touristique avec le respect du bien-être animal et la sécurité des visiteurs ?","Tue, 07 Jan 2025 08:51:00 +0000"
Variole du singe : un premier cas du nouveau variant identifié en France,https://vsd.fr/74412-variole-du-singe-un-premier-cas-du-nouveau-variant-identifie-en-france/,"Le mpox, aussi connu sous le nom de variole du singe, est une maladie virale transmissible de l'animal à l'homme, mais également entre humains.","Tue, 07 Jan 2025 06:27:00 +0000"
"Elle s’assied sur l’aile du Boeing, il saute sur le tarmac… Paniques à bord !",https://vsd.fr/74373-elle-sassied-sur-laile-du-boeing-il-saute-sur-le-tarmac-paniques-a-bord/,"Problèmes techniques ou crises d’angoisses, c'est une série d'incidents parfois spectaculaires mais heureusement sans fin tragiques qui a secoué le monde de l'aviation en ce début d’année.","Mon, 06 Jan 2025 18:27:00 +0000"
Bruce Toussaint : son annonce inattendue pour sa quotidienne,https://vsd.fr/74359-bruce-toussaint-son-annonce-inattendue-pour-sa-quotidienne/,"Dans une interview accordée à nos confrères de « Puremédias », Bruce Toussaint s’est confié sur les grands changements au sujet de son émission « Bonjour ! ».","Mon, 06 Jan 2025 18:07:00 +0000"
"« Je ne disparais pas », Sylvie Vartan fait des révélations sur ses nouveaux projets après la scène",https://vsd.fr/74356-je-ne-disparais-pas-sylvie-vartan-fait-des-revelations-sur-ses-nouveaux-projets-apres-la-scene/,"Dans une interview accordée à nos confrères de « Télé 7 Jours », Sylvie Vartan s’est confiée sur ses nouveaux projets, après ses adieux à la scène.","Mon, 06 Jan 2025 15:55:00 +0000"
"« Si on doit aller plus loin… », Alex Kapranos se confie sur une possible collaboration avec sa femme, Clara Luciani",https://vsd.fr/74353-si-on-doit-aller-plus-loin-alex-kapranos-se-confie-sur-une-possible-collaboration-avec-sa-femme-clara-luciani/,"Interrogé par nos confrères de « Ouest-France », le chanteur Alex Kapranos s’est confié sur la paternité mais aussi sa vie avec sa femme, Clara Luciani.","Mon, 06 Jan 2025 13:46:00 +0000"
Les animaux fantastiques du Jardin des Plantes…,https://vsd.fr/74344-les-animaux-fantastiques-du-jardin-des-plantes/,Il vous reste quelques jours pour découvrir la nouvelle édition du parcours lumineux du Jardin des Plantes.,"Mon, 06 Jan 2025 13:39:00 +0000"
"Attentats de 2015 : rescapés, politiques… Ils témoignent de ce « lien »  qui les unit depuis 10 ans",https://vsd.fr/74361-attentats-de-2015-rescapes-politiques-ils-temoignent-de-ce-lien-qui-les-unit-depuis-10-ans/,"Agnès Pizzini et Claire Denavarre signent un documentaire exceptionnel « Attentats 2015, ce qui nous lie » diffusé ce soir sur M6. Un film à voir absolument. Pour VSD, Valérie Sarre a rencontré les deux femmes qui ont réalisé ce film. Entretien.","Mon, 06 Jan 2025 12:26:53 +0000"
"« Beaucoup de divans, beaucoup de psys… », Michèle Bernier revient avec émotion sur sa rupture douloureuse avec Bruno Gaccio",https://vsd.fr/74350-beaucoup-de-divans-beaucoup-de-psys-michele-bernier-revient-avec-emotion-sur-sa-rupture-douloureuse-avec-bruno-gaccio/,"Invitée du portrait de « Sept à huit », ce dimanche 5 janvier 2025, Michèle Bernier s’est confiée sur sa séparation compliquée avec Bruno Gaccio, le père de ses deux enfants.","Mon, 06 Jan 2025 11:46:12 +0000"
Relire David Lodge : le génie littéraire de l’humour et de la satire,https://vsd.fr/74338-relire-david-lodge-le-genie-litteraire-de-lhumour-et-de-la-satire/,"Disparu le 1er janvier 2025, l’auteur britannique nous lègue une œuvre mordante et lumineuse, à redécouvrir sans attendre.","Mon, 06 Jan 2025 11:15:00 +0000"
"Brûlures au chalumeau, violences…  Un père transforme le week-end de son fils de 6 ans et son copain en cauchemar",https://vsd.fr/74336-brulures-au-chalumeau-violences-un-pere-transforme-le-week-end-de-son-fils-de-6-ans-et-son-copain-en-cauchemar/,"Il a été condamné à un an de prison avec sursis probatoire, assorti d'une obligation de soins, de travail et d'un stage de responsabilité parentale, ainsi que d'un retrait de l'autorité parentale.","Mon, 06 Jan 2025 08:51:00 +0000"
L’influenceur algérien sous OQTF «Zazou Youcef» écroué,https://vsd.fr/74332-linfluenceur-algerien-sous-oqtf-zazou-youcef-ecroue/,Il appelait «à commettre des attentats en France».  Il comparaîtra le 24 février 2025 devant le tribunal correctionnel de Brest.,"Mon, 06 Jan 2025 06:27:00 +0000"
Dry January ou la révolution silencieuse des Français,https://vsd.fr/74328-dry-january-ou-la-revolution-silencieuse-des-francais/,"Ce défi, autrefois moqué ou critiqué, devient un véritable levier de transformation pour la société française, influençant non seulement les comportements individuels mais aussi les dynamiques économiques et culturelles liées à la consommation d’alcool.","Sun, 05 Jan 2025 17:29:00 +0000"
La doyenne de l'humanité est morte,https://vsd.fr/74322-la-doyenne-de-lhumanite-est-morte/,"Tomiko Itooka, née le 23 mai 1908, aimait les bananes et une boisson japonaise au yaourt appelée Calpis. Elle vivait au Japon et s’est éteinte à l’âge de 116 ans.","Sun, 05 Jan 2025 13:27:00 +0000"
Le roi Charles attristé par la mort d'un Britannique dans l'attaque à la Nouvelle-Orléans,https://vsd.fr/74316-le-roi-charles-attriste-par-la-mort-dun-britannique-dans-lattaque-a-la-nouvelle-orleans/,Edward Pettifer a été identifié par la police métropolitaine comme l'une des victimes de l'attaque du jour de l'An à la Nouvelle-Orléans (Metropolitan Police/PA).,"Sun, 05 Jan 2025 08:52:00 +0000"
L’assassin d’un meurtre vieux de 40 ans abattu par la police,https://vsd.fr/74302-lassassin-dun-meurtre-vieux-de-40-ans-abattu-par-la-police/,"Grâce aux avancées de la science médico-légale, un meurtre non élucidé depuis plus de quatre décennies dans l’Ohio a trouvé sa conclusion.","Sat, 04 Jan 2025 18:00:00 +0000"
"Après l’interpellation de Zazou Youcef, un autre influenceur algérien placé en garde à vue",https://vsd.fr/74298-apres-linterpellation-de-zazou-youcef-un-autre-influenceur-algerien-place-en-garde-a-vue/,"Imad Tintin, alias «Bledar de luxe» sur TikTok, est accusé d’avoir appelé aux meurtres et au viol dans des vidéos.","Sat, 04 Jan 2025 15:10:39 +0000"
Sorties week-end : les bons plans de la semaine du 30 décembre 2024 au 3 janvier 2025,https://vsd.fr/74284-sorties-week-end-les-bons-plans-de-la-semaine-du-30-decembre-2024-au-3-janvier-2025/,"Chaque semaine, retrouvez une session de rattrapage pour découvrir les bonnes idées de la semaine sélectionnées par VSD. Bon week-end.","Sat, 04 Jan 2025 08:48:00 +0000"
Les expositions à ne pas manquer,https://vsd.fr/74277-les-expositions-a-ne-pas-manquer/,"En 2025, les expositions en France offriront un véritable feu d'artifice artistique. Entre chefs-d'œuvre classiques, créations contemporaines et trouvailles insolites.","Fri, 03 Jan 2025 18:27:00 +0000"
"""Des périodes de merde"", Guillaume Canet évoque pour la première fois ses difficultés dans son couple avec Marion Cotillard",https://www.public.fr/des-periodes-de-merde-guillaume-canet-evoque-pour-la-premiere-fois-ses-difficultes-dans-son-couple-avec-marion-cotillard,"En couple avec Marion Cotillard depuis 2007, Guillaume Canet s'est livré à cœur ouvert sur leur relation.","Fri, 10 Jan 2025 14:00:00 +0000"
Lumière pulsée vs épilateur électrique : quelle méthode choisir en 2025 ?,https://www.public.fr/lumiere-pulsee-vs-epilateur-electrique-lequel-choisir-en-2025,"L’épilation fait partie intégrante des routines beauté, et choisir la bonne méthode est essentiel pour allier confort, efficacité et praticité. En 2025, deux options dominent le marché : l’épilation à lumière pulsée avec des résultats semi-permanents et les épilateurs électriques pour une solution rapide et accessible.","Fri, 10 Jan 2025 13:35:00 +0000"
Incendies à Los Angeles : Halle Berry donne des « cachemires magnifiques » pour venir en aide aux sinistrés,https://www.public.fr/incendies-a-los-angeles-halle-berry-donne-des-cachemires-magnifiques-pour-venir-en-aide-aux-sinistres,"Halle Berry a annoncé qu'elle faisait don de toute sa garde-robe, pour soutenir les sinistrés des incendies de Los Angeles.","Fri, 10 Jan 2025 13:16:38 +0000"
"Anne-Sophie Lapix, toujours sous le feu des critiques : pourquoi elle refuse de quitter son poste",https://www.public.fr/anne-sophie-lapix-toujours-sous-le-feu-des-critiques-pourquoi-elle-refuse-de-quitter-son-poste,"A 52 ans, Anne-Sophie Lapix dure plus longtemps qu'elle ne l'avait elle-même prévu, au JT de 20h de France 2. Voici son secret pour garder le cap.","Fri, 10 Jan 2025 12:45:00 +0000"
Catherine Deneuve : cette violente dispute avec sa fille qui a failli les séparer,https://www.public.fr/catherine-deneuve-cette-violente-dispute-avec-sa-fille-qui-a-failli-les-separer,"Maman de deux enfants, Catherine Deneuve a failli ne plus jamais parler à sa fille Chiara Mastroianni. Il y a six ans, les deux femmes se sont écharpées à cause d'une tribune signée par l'actrice légendaire. Toutes les deux ont failli couper les ponts.","Fri, 10 Jan 2025 12:30:00 +0000"
"Bernard-Henri Levy : 31 ans de mariage avec Arielle Dombasle, et toujours ce gros blocage…",https://www.public.fr/bernard-henri-levy-31-ans-de-mariage-avec-arielle-dombasle-et-toujours-ce-gros-blocage,Arielle Dombasle et Bernard-Henri Levy continuent de se vouvoyer après plus de 30 ans de mariage. Et voici pourquoi.,"Fri, 10 Jan 2025 12:15:00 +0000"
Yanis Marshall échappe à la mort en Australie : l’ex-professeur de la « Star Academy » remercie Madonna,https://www.public.fr/yanis-marshall-echappe-a-la-mort-en-australie-lex-professeur-de-la-star-academy-remercie-madonna,"Yanis Marshall vient d'apprendre que l'avion qu'il n'a pas pris pour l'Australie s'est écrasé, et que les passagers sont tous morts...","Fri, 10 Jan 2025 12:00:00 +0000"
Amanda Lear touchée par le cancer : sa terrible publication,https://www.public.fr/amanda-lear-touchee-par-le-cancer-sa-terrible-publication,"Amanda Lear est omniprésente sur les plateaux TV qu'elle ait ou non de l'actualité. Ne mâchant pas ses mots, elle semble en constante représentation. Mais là, la muse de Dali ne rit plus. La maladie a frappé.","Fri, 10 Jan 2025 11:45:00 +0000"
Vincent Cassel papa pour la 4ᵉ fois à 58 ans : découvrez le sexe et le prénom du bébé !,https://www.public.fr/vincent-cassel-papa-pour-la-4%e1%b5%89-fois-a-58-ans-decouvrez-le-sexe-et-le-prenom-du-bebe,"Vincent Cassel est papa pour la quatrième fois ! Ce vendredi 10 janvier 2025, l'acteur de 58 ans annonce la naissance de son fils, fruit de son amour avec sa nouvelle compagne, Nara Baptista.","Fri, 10 Jan 2025 11:40:00 +0000"
Novak Djokovic affirme avoir été empoisonné lors de sa détention en Australie,https://www.public.fr/novak-djokovic-affirme-avoir-ete-empoisonne-lors-de-sa-detention-en-australie,"Novak Djokovic, le champion serbe, joueur le plus titré de l’histoire de tennis a révélé dans une interview avoir été empoisonné.","Fri, 10 Jan 2025 11:30:00 +0000"
"Michèle Torr annule tout : l’état de son fils, atteint de sclérose en plaques, se serait brutalement dégradé",https://www.public.fr/michele-torr-annule-tout-letat-de-son-fils-atteint-de-sclerose-en-plaques-se-serait-brutalement-degrade,"A 77 ans, Michèle Torr a toujours la forme. La chanteuse est même en tournée pour fêter ses 60 ans de carrière. Alors qu'elle devait honorer un rendez-vous important ce 12 janvier, l'interprète d'Emmène-moi danser ce soir a décidé de rester au chevet de son fils Romain dont la santé décline.","Fri, 10 Jan 2025 11:15:00 +0000"
"""Un connard"" : Franck Dubosc se lâche sur Benoît Poelvoorde après leur collaboration",https://www.public.fr/un-connard-franck-dubosc-se-lache-sur-benoit-poelvoorde-apres-leur-collaboration,"En pleine promotion de son nouveau film ""Un ours dans le Jura"" Franck Dubosc était l'invité d'Anne-Élisabeth Lemoine dans le dernier numéro de ""C à vous"". L'occasion pour l'acteur et réalisateur d'évoquer sa collaboration avec Benoît Poelvoorde.","Fri, 10 Jan 2025 11:00:00 +0000"
"""Un demi-poumon en moins et 41 bouts de métal"" : Vincent Lagaf’ cash sur son état de santé",https://www.public.fr/un-demi-poumon-en-moins-et-41-bouts-de-metal-vincent-lagaf-cash-sur-son-etat-de-sante,"Invité sur le plateau de C à vous ce jeudi 9 janvier 2025, Vincent Lagaf' a évoqué les moments difficiles de sa vie, marqués par des blessures qui ont fait naître des doutes sur son avenir à la télévision.","Fri, 10 Jan 2025 10:45:00 +0000"
"Incendies à Los Angeles : Laeticia Hallyday envoie un message à Benjamin Castaldi, il la confond avec Laetitia Casta",https://www.public.fr/incendies-a-los-angeles-laeticia-hallyday-envoie-un-message-a-benjamin-castaldi-il-la-confond-avec-laetitia-casta,"Aux commandes de son émission radio sur Europe 2, Benjamin Castaldi a partagé un message envoyé par Laeticia Hallyday... qu'il a d'abord confondue avec Laetitia Casta.","Fri, 10 Jan 2025 10:30:00 +0000"
Florent Pagny : la guéguerre avec Olivia Ruiz relancée,https://www.public.fr/florent-pagny-la-gueguerre-avec-olivia-ruiz-relancee,"Ce n'est visiblement pas en 2025 que Florent Pagny et Olivia Ruiz feront la paix. La brouille entre le chanteur et l'ancienne élève de la ""Star Academy"" ne date pas d'hier. Mais pourquoi tant d'animosité ? Public.fr revient pour vous sur l'origine de leur mésentente.","Fri, 10 Jan 2025 10:15:00 +0000"
Maquillage : ce blush à moins de 15 euros se vend toutes les 5 minutes en France,https://www.public.fr/maquillage-ce-blush-a-moins-de-15-euros-se-vend-toutes-les-5-minutes-en-france,"Incontournable sur le marché des blushs, cette pépite de la marque Bourjois, séduit par son packaging et sa pigmentation. Découvrez le fard à joues qui se vend toutes les 5 minutes en France.","Fri, 10 Jan 2025 10:00:00 +0000"
Meghan Markle et Harry se font détruire : leur générosité au beau milieu des feux qui ravagent Los Angeles pose problème,https://www.public.fr/meghan-markle-et-harry-se-font-detruire-leur-generosite-au-beau-milieu-des-feux-qui-ravagent-los-angeles-pose-probleme,"Généreux, Meghan Markle et Harry ont décidé d'aider la communauté de Los Angeles, frappée par des incendies dévastateurs. Malheureusement, leur geste n'a pas été accueilli sans controverse.","Fri, 10 Jan 2025 09:45:00 +0000"
"Laeticia Hallyday : avant la destruction de sa maison par les flammes, la lourde chute",https://www.public.fr/laeticia-hallyday-avant-la-destruction-de-sa-maison-par-les-flammes-la-lourde-chute,"La fin d'année 2024 ne s'est pas passée comme prévue pour Laeticia Hallday. La veuve de Johnny a passé son 31 décembre en petit comité. Closer révèle, ce 10 janvier, qu'elle est resté auprès de ""Mamie Rock"", diminuée après une chute.","Fri, 10 Jan 2025 09:30:00 +0000"
"Vincent Lagaf’ : pas ""d’accent arabe ou noir"", pas de remarques sur les décolletés, ce qu’on lui a interdit pour le retour du ""Bigdil""",https://www.public.fr/vincent-lagaf-pas-daccent-arabe-ou-noir-pas-de-remarques-sur-les-decolletes-ce-quon-lui-a-interdit-pour-le-retour-du-bigdil,Vincent Lagaf était hier soir sur le plateau de C à vous. Il a répondu aux nombreuses accusations de racisme et de sexisme dont il fait l’objet.,"Fri, 10 Jan 2025 09:15:00 +0000"
Cyril Hanouna : l'animateur de C8 candidat à l'élection présidentielle de 2027 ?,https://www.public.fr/cyril-hanouna-lanimateur-de-c8-candidat-a-lelection-presidentielle-de-2027,"Cyril Hanouna a-t-il l'intention de prendre la place d'Emmanuel Macron ? Selon la rumeur, l'animateur envisagerait en effet de se porter candidat à l'élection présidentielle de 2027.","Fri, 10 Jan 2025 09:00:00 +0000"
"M. Pokora percuté par une voiture, la sortie de son nouvel album vire au drame",https://www.public.fr/m-pokora-percute-par-une-voiture-la-sortie-de-son-nouvel-album-vire-au-drame,"Ce jeudi 9 janvier 2025, M Pokora a surpris sa communauté en annonçant l'arrivée d'un extrait de son nouvel album d'une bien drôle de manière.","Fri, 10 Jan 2025 08:40:02 +0000"
Kev Adams à Los Angeles : ses fans extrêmement inquiets,https://www.public.fr/kev-adams-a-los-angeles-ses-fans-extremement-inquiets,"Face aux violents incendies qui frappent Los Angeles, Kev Adams s'est exprimé sur Instagram pour rassurer ses abonnés.","Fri, 10 Jan 2025 08:15:00 +0000"
L'animateur Stéphane Plaza a tenté de mettre fin à ses jours depuis son balcon,https://www.public.fr/lanimateur-stephane-plaza-a-tente-de-mettre-fin-a-ses-jours-depuis-son-balcon,"Lors de son procès, Stéphane Plaza a révélé avoir tenté de mettre fin à ses jours juste avant Noël.","Fri, 10 Jan 2025 07:59:38 +0000"
"""Oscar avait 13 ans, Léon, 11 ans"", Patrick Bruel et ses enfants totalement effondrés",https://www.public.fr/oscar-avait-13-ans-leon-11-ans-patrick-bruel-et-ses-enfants-totalement-effondres,Les terribles incendies de Los Angeles ravagent tout sur leur passage. Patrick Bruel a annoncé avoir perdu sa villa dans les flammes.,"Fri, 10 Jan 2025 07:50:00 +0000"
Adriana Karembeu placée sous surveillance par Marc Lavoine ?,https://www.public.fr/adriana-karembeu-placee-sous-surveillance-par-marc-lavoine,"Selon les informations du magazine Voici, Marc Lavoine serait d'une possessivité extrême avec sa nouvelle compagne, Adriana Karembeu.","Fri, 10 Jan 2025 07:35:48 +0000"
"Angélique Angarni-Filopon (Miss France 2025) refuse de se dire ""Charlie"" : une star de la politique la tacle",https://www.public.fr/angelique-angarni-filopon-miss-france-2025-refuse-de-se-dire-charlie-une-star-de-la-politique-la-tacle,"Quelques heures après les déclarations d'Angélique Angarni-Filopon sur Charlie Hebdo, Julien Odoul s'est emparé de ses réseaux sociaux afin de donner son avis.","Fri, 10 Jan 2025 07:15:00 +0000"
La vidéo complètement lunaire postée par Britney Spears pendant qu’elle fuit les incendies,https://www.public.fr/la-video-completement-lunaire-postee-par-britney-spears-pendant-quelle-fuit-les-incendies,Les terribles incendies de Los Angeles ravagent tout sur leur passage. Britney Spears a annoncé avoir été contrainte de quitter son domicile.,"Fri, 10 Jan 2025 07:06:37 +0000"
Anne-Élisabeth Lemoine et Bertrand Chameroy : la fin du duo ?,https://www.public.fr/anne-elisabeth-lemoine-et-bertrand-chameroy-la-fin-du-duo,"Le courant ne passerait plus entre l’animatrice et le chroniqueur, dont la complicité a tant séduit le public. De quoi mettre en péril leur collaboration cathodique ?","Fri, 10 Jan 2025 06:40:00 +0000"
Vanessa Paradis : inquiète pour sa fille,https://www.public.fr/vanessa-paradis-inquiete-pour-sa-fille,"Lily-Rose a beau exploser dans son dernier film, Nosferatu, elle n’est nommée pour aucune grosse récompense et peine à faire oublier son statut de nepo baby. Vanessa va-t-elle encore devoir monter au créneau pour défendre sa fille chérie ?","Fri, 10 Jan 2025 06:25:00 +0000"
"""Que Michaël Youn ne donne pas de leçons"" : Pascal Praud s’en prend violemment à l’humoriste après avoir évoqué la mort de Jean-Marie Le Pen",https://www.public.fr/que-michael-youn-ne-donne-pas-de-lecons-pascal-praud-sen-prend-violemment-a-lhumoriste-apres-avoir-evoque-la-mort-de-jean-marie-le-pen,"Ce jeudi 9 janvier 2025, dans ""L’Heure des pros"", Pascal Praud a réagi aux propos de Michael Youn sur France Inter. L’humoriste a évoqué la mort de Jean-Marie Le Pen et a mentionné les militaires français lors de la Guerre d’Algérie. Cela a déplu au journaliste de CNEWS.","Fri, 10 Jan 2025 05:15:00 +0000"
Vanessa Paradis inquiète pour sa fille... Plus d’infos dans le magazine Public de cette semaine !,https://www.public.fr/vanessa-paradis-inquiete-pour-sa-fille-plus-dinfos-dans-le-magazine-public-de-cette-semaine,Le nouveau numéro Public du vendredi 10 janvier 2025 est dispo dans vos kiosques. Les derniers scoops et actualités people vous y attendent.,"Fri, 10 Jan 2025 04:00:00 +0000"
"""J’ai vécu l’enfer"" : après Laeticia Hallyday, Saïd Taghmaoui révèle avoir perdu sa maison dans les incendies de Los Angeles",https://www.public.fr/jai-vecu-lenfer-apres-laeticia-hallyday-said-taghmaoui-revele-avoir-perdu-sa-maison-dans-les-incendies-de-los-angeles,"Sur son compte Instagram, l’acteur français Saïd Taghmaoui a révélé, ce jeudi 9 janvier 2025, avoir perdu sa maison dans les incendies qui sévissent à Los Angeles depuis mardi soir, comme Laeticia Hallyday.","Thu, 09 Jan 2025 20:50:00 +0000"
"""Star Academy"" : Ebony à deux doigts de se faire sanctionner par un professeur à cause de sa coupe de cheveux",https://www.public.fr/star-academy-ebony-a-deux-doigts-de-se-faire-sanctionner-par-un-professeur-a-cause-de-sa-coupe-de-cheveux,"Dans la quotidienne de la ""Star Academy"" de ce jeudi 9 janvier 2025, Ebony a révélé, lors d’une masterclass avec Marlène Schaff et Maxime Gasteuil, avoir reçu des heures de colle à cause de sa coupe de cheveux confondue avec une capuche…","Thu, 09 Jan 2025 20:05:00 +0000"
Top 3 des plaids chauffants cocooning sur Amazon : le guide ultime,https://www.public.fr/top-3-des-plaids-chauffants-cocooning-sur-amazon-le-guide-ultime,"Quand l’hiver arrive, quoi de mieux qu’un plaid chauffant pour s’enrouler dans une bulle de chaleur et de confort ? Ces accessoires cocooning combinent technologie et douceur pour vous tenir chaud lors des journées glaciales.","Thu, 09 Jan 2025 19:30:00 +0000"
"Slimane : taclé par Nagui, il lui répond et lui dédie une chanson en plein concert",https://www.public.fr/slimane-tacle-par-nagui-il-lui-repond-et-lui-dedie-une-chanson-en-plein-concert,"Ce mercredi 8 janvier 2025, alors qu’il se produisait sur la scène de l’Accor Arena à Paris, Slimane a souhaité répondre à Nagui qui l’avait taclé dans son émission ""N’oubliez pas les paroles"", en lui adressant un titre précis.","Thu, 09 Jan 2025 19:20:00 +0000"
"""Danse avec les stars"" : déjà un ""abandon"" avant même le début de l’émission",https://www.public.fr/danse-avec-les-stars-deja-un-abandon-avant-meme-le-debut-de-lemission,"Sur ses réseaux sociaux, un artiste pressenti pour la nouvelle saison de ""Danse avec les stars"", a annoncé qu’il ne pourrait finalement pas y participer comme l’a relevé le journaliste Clément Garin. Et, ce, pour une très belle raison.","Thu, 09 Jan 2025 18:55:00 +0000"
Angélique Angarni-Filopon (Miss France 2025) : énorme malaise en plein interview en évoquant Charlie Hebdo,https://www.public.fr/angelique-angarni-filopon-miss-france-2025-enorme-malaise-en-plein-interview-en-evoquant-charlie-hebdo,"Sur les ondes de Sud Radio ce mercredi 8 janvier 2025, Angélique Angarni-Filopon, Miss France 2025, a été interrogée au sujet de Charlie Hebdo, 10 ans après l’attentat contre la rédaction. Nos confrères souhaitant savoir si elle se sentait ""Charlie"" ou non.","Thu, 09 Jan 2025 18:45:00 +0000"
Quel est le meilleur masque LED de 2025 ? Retour sur un incontournable skincare !,https://www.public.fr/quel-est-le-meilleur-masque-led-de-2025-retour-sur-un-incontournable-skincare,"Le monde du skincare évolue chaque année, et les masques UV/LED continuent de conquérir le cœur des adeptes de la beauté et du bien-être. Avec des avancées technologiques impressionnantes et des promesses de soins professionnels à domicile, ces dispositifs se positionnent comme un must-have.","Thu, 09 Jan 2025 18:45:00 +0000"
Savage x Fenty : Rihanna dévoile sa collection de lingerie pour la Saint-Valentin,https://www.public.fr/savage-x-fenty-rihanna-devoile-sa-collection-de-lingerie-pour-la-saint-valentin,"La Saint-Valentin 2025 s'annonce plus HOT que jamais grâce à Savage x Fenty, la marque de lingerie de RIhanna. Découvrez la nouvelle collection.","Thu, 09 Jan 2025 18:43:00 +0000"
"Stéphane Plaza, accusé de violences conjugales, explique au tribunal ne ""pas pouvoir contrôler sa force""",https://www.public.fr/stephane-plaza-accuse-de-violences-conjugales-explique-au-tribunal-ne-pas-pouvoir-controler-sa-force,"Ce jeudi 9 janvier 2025, Stéphane Plaza est jugé pour ""violences habituelles par concubin"". Lors de son passage à la barre, il a nié les faits qui lui sont reprochés mais a tout de même reconnu avoir cassé le doigt d’une plaignante sans avoir contrôlé sa force.","Thu, 09 Jan 2025 17:30:00 +0000"
Découvrez l’épilation la plus douce qui soit avec la gomme épilatoire !,https://www.public.fr/decouvrez-lepilation-la-plus-douce-qui-soit-avec-la-gomme-epilatoire,"Découvrez les gommes épilatoires, l'innovation douceur pour une peau lisse et exfoliée en un geste. Notre guide présente les meilleurs produits de 2025 pour une épilation efficace et indolore.","Thu, 09 Jan 2025 17:00:00 +0000"
"""Danse avec les stars"" : candidats, jury, date de diffusion… Tout ce qu'il faut savoir sur la 14e saison",https://www.public.fr/danse-avec-les-stars-candidats-jury-date-de-diffusion-tout-ce-quil-faut-savoir-sur-la-14e-saison,"Les fans de ""Danse avec les stars"" trépignent d'impatience. Le retour de l'émission aura lieu courant 2025. Ça approche... alors que les noms des candidats sont dévoilés au compte-gouttes. Pour tout savoir sur l'émission et cette 14e saison, Public.fr fait le point.","Thu, 09 Jan 2025 17:00:00 +0000"
"P Diddy : son fils suscite la polémique après s’être filmé en plein ""acte sexuel""",https://www.public.fr/p-diddy-son-fils-suscite-la-polemique-apres-setre-filme-en-plein-acte-sexuel,"Comme le notent nos confrères du Daily Mail, le fils de P Diddy, Christian Combs, suscite la polémique depuis plusieurs jours après avoir partagé une vidéo sur son compte Snapchat, dans laquelle il lèche la poitrine de sa petite-amie.","Thu, 09 Jan 2025 16:30:00 +0000"
"""J’ai repris deux fois des nouilles"", Michaël Youn cash sur la mort de Jean-Marie Le Pen et outré",https://www.public.fr/jai-repris-deux-fois-des-nouilles-michael-youn-cash-sur-la-mort-de-jean-marie-le-pen-et-outre,Michael Youn est choqué : le clip d'une de ses chansons a été partagé sur la Toile pour fêter la mort de Jean-Marie Le Pen.,"Thu, 09 Jan 2025 16:15:00 +0000"
Soldes d’hiver 2025 : Des centaines de robes en promo à moins de 10 euros chez Pretty Little Thing !,https://www.public.fr/soldes-dhiver-2025-des-centaines-de-robes-en-promo-a-moins-de-10-euros-chez-pretty-little-thing,"Pretty Little Thing propose des centaines de robes à moins de 10 euros pendant les soldes d’hiver 2025, offrant des modèles tendance pour tous les styles et occasions.","Thu, 09 Jan 2025 16:00:00 +0000"
"Karine Le Marchand : après ""L’amour est dans le pré"" elle va réunir 100 célibataires pour un incroyable projet",https://www.public.fr/karine-le-marchand-apres-lamour-est-dans-le-pre-elle-va-reunir-100-celibataires-pour-un-incroyable-projet,"Ce jeudi 9 janvier 2025, Karine Le Marchand a fait une grande annonce sur son compte Instagram. L’animatrice de ""L’amour est dans le pré"" va créer une ""agence matrimoniale 2.0"" basée sur le slow dating, dans les prochains mois.","Thu, 09 Jan 2025 15:50:00 +0000"
En images - Procès Stéphane Plaza : ses accusatrices arrivent au tribunal,https://www.public.fr/en-images-proces-stephane-plaza-ses-accusatrices-arrivent-au-tribunal,"Ce 9 janvier 2025, à son procès, Stéphane Plaza a croisé les deux femmes qui l'accusent de violences conjugales.","Thu, 09 Jan 2025 15:15:00 +0000"
Avance sur crédits et réductions d'impôts 2025 : 6 milliards d'euros bientôt sur les comptes des Français !,https://www.public.fr/avance-sur-credits-et-reductions-dimpots-2025-6-milliards-deuros-bientot-sur-les-comptes-des-francais,"Le 15 janvier 2025, environ 9 millions de foyers fiscaux recevront une avance de 60 % sur leurs crédits et réductions d'impôt, soit un total de 6 milliards d'euros.","Thu, 09 Jan 2025 15:00:00 +0000"
"Incendies à Los Angeles : après Patrick Bruel, son ex-femme, Amanda Sthers, aussi, voit sa maison menacée",https://www.public.fr/incendies-a-los-angeles-apres-patrick-bruel-son-ex-femme-amanda-sthers-aussi-voit-sa-maison-menacee,"Amanda Sthers a donné des nouvelles de sa maison, et de celle de Patrick Bruel, tandis que Los Angeles est en proie à de violents incendies.","Thu, 09 Jan 2025 14:45:00 +0000"
"Vianney : après son accident, il prend une décision radicale, pour protéger ses enfants",https://www.public.fr/vianney-apres-son-accident-il-prend-une-decision-radicale-pour-proteger-ses-enfants,"Vianney a pris une décision importante pour commencer l'année 2025. Suite à son accident de scooter, il laisse tomber le deux roues.","Thu, 09 Jan 2025 14:30:00 +0000"
